{
  "udp_connection": {
    "ip": "192.168.200.11",
    "port": 5151
  },
  "paths": {
    "aruco_dictionary": "metadataDictionary.csv"
  },
  "camera_calibration": {
    "focal_length_x": 3.72340252e+03,
    "focal_length_y": 3.71775455e+03,
    "focal_point_x": 1.90101694e+03,
    "focal_point_y": 1.07436947e+03,
    "distortion_k1": 1.73856281e-01,
    "distortion_k2": -8.70749661e-01,
    "distortion_k3": 1.39844743e+00,
    "distortion_p1": 7.43766431e-04,
    "distortion_p2": -1.49867550e-03 
  },
  "Verbosity": "LOW",
  "topicname": "mobula/imagestream"
}