{
  "udp_connection": {
    "ip": "127.0.0.1",
    "port": 5151
  },
  "paths": {
    "aruco_dictionary": "metadataDictionary.csv"
  },
  "camera_calibration": {
    "focal_length_x": 1052.570308795386,
    "focal_length_y": 1052.570308795386,
    "focal_point_x": 995.1341881946747,
    "focal_point_y": 530.6658317703691,
    "distortion_k1": 0.014909135705311419,
    "distortion_k2": -0.012366380439392774,
    "distortion_k3": 0.004683987501416098,
    "distortion_p1": -0.00688229509817982,
    "distortion_p2": 0.0034504954056517559
  },
  "Verbosity": "HIGH",
  "topicname": "mobula/imagestream"
}